-- MySQL dump 10.13  Distrib 8.0.42, for Win64 (x86_64)
--
-- Host: localhost    Database: investment_portfolio_db
-- ------------------------------------------------------
-- Server version	8.0.42

/*!40101 SET @OLD_CHARACTER_SET_CLIENT=@@CHARACTER_SET_CLIENT */;
/*!40101 SET @OLD_CHARACTER_SET_RESULTS=@@CHARACTER_SET_RESULTS */;
/*!40101 SET @OLD_COLLATION_CONNECTION=@@COLLATION_CONNECTION */;
/*!50503 SET NAMES utf8mb4 */;
/*!40103 SET @OLD_TIME_ZONE=@@TIME_ZONE */;
/*!40103 SET TIME_ZONE='+00:00' */;
/*!40014 SET @OLD_UNIQUE_CHECKS=@@UNIQUE_CHECKS, UNIQUE_CHECKS=0 */;
/*!40014 SET @OLD_FOREIGN_KEY_CHECKS=@@FOREIGN_KEY_CHECKS, FOREIGN_KEY_CHECKS=0 */;
/*!40101 SET @OLD_SQL_MODE=@@SQL_MODE, SQL_MODE='NO_AUTO_VALUE_ON_ZERO' */;
/*!40111 SET @OLD_SQL_NOTES=@@SQL_NOTES, SQL_NOTES=0 */;

--
-- Table structure for table `stocks`
--

DROP TABLE IF EXISTS `stocks`;
/*!40101 SET @saved_cs_client     = @@character_set_client */;
/*!50503 SET character_set_client = utf8mb4 */;
CREATE TABLE `stocks` (
  `stock_id` int NOT NULL AUTO_INCREMENT,
  `stock_symbol` varchar(50) NOT NULL,
  `stock_short_name` varchar(255) DEFAULT NULL,
  `stock_company_name` varchar(255) NOT NULL,
  PRIMARY KEY (`stock_id`),
  UNIQUE KEY `stock_symbol` (`stock_symbol`)
) ENGINE=InnoDB AUTO_INCREMENT=55 DEFAULT CHARSET=utf8mb4 COLLATE=utf8mb4_0900_ai_ci;
/*!40101 SET character_set_client = @saved_cs_client */;

--
-- Dumping data for table `stocks`
--

LOCK TABLES `stocks` WRITE;
/*!40000 ALTER TABLE `stocks` DISABLE KEYS */;
INSERT INTO `stocks` VALUES (1,'NVDA','NVIDIA','NVIDIA Corporation'),(2,'LCID','Lucid','Lucid Group, Inc.'),(3,'QBTS','D-Wave Quantum','D-Wave Quantum Inc.'),(4,'SMCI','Super Micro Computer','Super Micro Computer, Inc.'),(5,'SHOP','Shopify','Shopify Inc.'),(6,'TSLA','Tesla','Tesla, Inc.'),(7,'COIN','Coinbase Global','Coinbase Global, Inc.'),(8,'ACHR','Archer Aviation','Archer Aviation Inc.'),(9,'UNH',NULL,'UnitedHealth Group Incorporated'),(10,'RGTI','Rigetti Computing','Rigetti Computing, Inc.'),(11,'F',NULL,'Ford Motor Company'),(12,'SOFI','SoFi','SoFi Technologies, Inc.'),(13,'PLTR','Palantir','Palantir Technologies Inc.'),(14,'INTC','Intel','Intel Corporation'),(15,'AAPL','Apple','Apple Inc.'),(16,'HIMS','Hims & Hers Health','Hims & Hers Health, Inc.'),(17,'BAC','Bank of America','Bank of America Corporation'),(18,'AAL','American Airlines','American Airlines Group Inc.'),(19,'AMD','Advanced Micro Devices','Advanced Micro Devices, Inc.'),(20,'AMZN','Amazon.com','Amazon.com, Inc.'),(21,'GOOGL',NULL,'Alphabet Inc.'),(22,'AUR','Aurora Innovation','Aurora Innovation, Inc.'),(23,'ITUB','Itaú Unibanco Holding','Itaú Unibanco Holding S.A.'),(24,'MARA','MARA','MARA Holdings, Inc.'),(25,'NU','Nu','Nu Holdings Ltd.'),(26,'PFE','Pfizer','Pfizer Inc.'),(27,'RIOT','Riot Platforms','Riot Platforms, Inc.'),(28,'GOOG','Alphabet','Alphabet Inc.'),(29,'BTG','B2Gold','B2Gold Corp.'),(30,'RIG','Transocean','Transocean Ltd.'),(31,'WMT','Walmart','Walmart Inc.'),(32,'QS','QuantumScape','QuantumScape Corporation'),(33,'WBD','Warner Bros. Discovery','Warner Bros. Discovery, Inc.'),(34,'BBD','Banco Bradesco','Banco Bradesco S.A.'),(35,'RIVN','Rivian Automotive','Rivian Automotive, Inc.'),(36,'DFS',NULL,'Discover Financial Services'),(37,'T','AT&T','AT&T Inc.'),(38,'SNAP','Snap','Snap Inc.'),(39,'NGD','New Gold','New Gold Inc.'),(40,'CSCO','Cisco Systems','Cisco Systems, Inc.'),(41,'CLSK','CleanSpark','CleanSpark, Inc.'),(42,'CDE','Coeur Mining','Coeur Mining, Inc.'),(43,'SOUN','SoundHound AI','SoundHound AI, Inc.'),(44,'GGB','Gerdau','Gerdau S.A.'),(45,'NIO','NIO','NIO Inc.'),(46,'PSLV',NULL,'Sprott Physical Silver Trust'),(47,'GRAB','Grab','Grab Holdings Limited'),(48,'HOOD','Robinhood Markets','Robinhood Markets, Inc.'),(49,'RKLB','Rocket Lab USA','Rocket Lab USA, Inc.'),(50,'MSFT','Microsoft','Microsoft Corporation'),(51,'BIRG','BOI BIRG','BANK OF IRELAND GP'),(53,'AERI','AERI','AQUILA'),(54,'C5H','C5H CAIRN ','CAIRN HOMES PLC');
/*!40000 ALTER TABLE `stocks` ENABLE KEYS */;
UNLOCK TABLES;

--
-- Table structure for table `transactions`
--

DROP TABLE IF EXISTS `transactions`;
/*!40101 SET @saved_cs_client     = @@character_set_client */;
/*!50503 SET character_set_client = utf8mb4 */;
CREATE TABLE `transactions` (
  `transaction_id` int NOT NULL AUTO_INCREMENT,
  `user_id` int NOT NULL,
  `stock_id` int NOT NULL,
  `transaction_type` enum('buy','sell') NOT NULL,
  `quantity` int NOT NULL,
  `price_per_share` decimal(10,2) NOT NULL,
  `transaction_date` datetime DEFAULT CURRENT_TIMESTAMP,
  PRIMARY KEY (`transaction_id`),
  KEY `user_id` (`user_id`),
  KEY `stock_id` (`stock_id`),
  CONSTRAINT `transactions_ibfk_1` FOREIGN KEY (`user_id`) REFERENCES `users` (`user_id`),
  CONSTRAINT `transactions_ibfk_2` FOREIGN KEY (`stock_id`) REFERENCES `stocks` (`stock_id`)
) ENGINE=InnoDB AUTO_INCREMENT=387 DEFAULT CHARSET=utf8mb4 COLLATE=utf8mb4_0900_ai_ci;
/*!40101 SET character_set_client = @saved_cs_client */;

--
-- Dumping data for table `transactions`
--

LOCK TABLES `transactions` WRITE;
/*!40000 ALTER TABLE `transactions` DISABLE KEYS */;
INSERT INTO `transactions` VALUES (1,1,7,'sell',20,299.03,'2024-05-24 13:18:57'),(2,1,14,'buy',25,19.50,'2025-05-09 01:29:16'),(3,1,27,'buy',94,11.65,'2024-05-10 18:22:59'),(4,1,14,'buy',19,25.48,'2025-04-23 13:00:43'),(5,1,32,'sell',63,5.44,'2024-11-30 19:14:47'),(6,2,4,'sell',83,35.15,'2024-01-19 11:02:55'),(7,2,7,'sell',55,293.70,'2024-10-25 10:08:01'),(8,2,49,'sell',46,23.05,'2024-05-28 14:16:53'),(9,2,21,'buy',27,153.13,'2024-03-29 04:25:44'),(10,2,19,'sell',34,103.57,'2024-06-23 12:38:17'),(11,2,38,'sell',75,6.50,'2024-08-08 12:54:23'),(12,2,19,'buy',86,86.58,'2024-12-28 12:26:28'),(13,2,14,'buy',30,27.73,'2024-07-09 09:48:16'),(14,2,5,'sell',3,120.50,'2024-04-24 07:10:48'),(15,2,39,'buy',67,3.23,'2024-04-07 18:10:23'),(16,3,23,'buy',94,8.27,'2024-04-26 18:02:57'),(17,3,3,'buy',63,15.55,'2024-08-04 12:14:32'),(18,3,13,'sell',38,150.71,'2024-09-19 17:04:22'),(19,3,4,'buy',34,34.65,'2024-12-01 23:43:00'),(20,3,16,'buy',51,63.76,'2024-11-18 13:34:55'),(21,3,39,'sell',49,4.04,'2024-09-29 12:59:24'),(22,4,29,'sell',37,2.15,'2024-12-14 14:35:58'),(23,4,24,'sell',99,16.53,'2024-03-19 20:52:31'),(24,4,23,'sell',3,5.02,'2024-02-17 06:09:38'),(25,4,10,'buy',29,13.00,'2024-11-08 10:09:58'),(26,4,8,'sell',15,17.11,'2025-05-10 12:07:29'),(27,5,21,'buy',13,200.97,'2024-09-03 15:34:39'),(28,5,3,'sell',49,11.49,'2025-03-04 21:10:52'),(29,5,21,'buy',90,189.38,'2024-12-07 03:37:04'),(30,5,1,'buy',40,154.53,'2024-02-22 22:59:27'),(31,5,20,'buy',18,204.19,'2025-04-01 12:08:35'),(32,5,24,'sell',73,13.95,'2025-01-27 07:49:23'),(33,5,15,'sell',44,211.00,'2024-06-25 16:38:50'),(34,5,15,'sell',17,266.44,'2024-07-06 15:01:30'),(35,5,32,'buy',16,4.64,'2024-01-28 03:12:46'),(36,6,37,'buy',73,26.07,'2024-10-21 15:53:12'),(37,6,33,'sell',76,10.73,'2024-04-26 16:36:13'),(38,6,2,'sell',96,2.06,'2024-05-03 14:47:15'),(39,6,26,'buy',2,21.44,'2024-12-25 07:51:55'),(40,6,28,'sell',22,200.64,'2024-12-17 08:54:08'),(41,6,11,'sell',18,8.63,'2024-06-25 23:40:25'),(42,6,26,'sell',55,24.71,'2024-05-15 18:38:29'),(43,6,25,'buy',51,15.55,'2024-07-08 23:01:23'),(44,6,21,'buy',65,147.25,'2024-11-27 13:39:54'),(45,7,7,'sell',43,250.52,'2025-01-29 15:44:33'),(46,7,26,'sell',25,18.73,'2024-11-25 04:17:10'),(47,7,6,'buy',65,247.94,'2024-12-06 12:39:02'),(48,7,28,'buy',3,211.13,'2025-04-18 13:26:32'),(49,7,48,'sell',13,79.43,'2024-10-30 03:36:03'),(50,7,36,'buy',77,202.79,'2024-12-03 13:06:07'),(51,7,5,'sell',26,117.47,'2024-12-17 08:23:11'),(52,8,15,'sell',57,215.53,'2025-04-21 14:37:59'),(53,8,1,'buy',87,168.99,'2024-10-14 19:43:30'),(54,8,48,'buy',72,73.33,'2025-02-10 14:13:28'),(55,8,26,'buy',11,18.49,'2024-12-13 12:50:03'),(56,8,39,'buy',12,3.82,'2024-11-02 23:46:19'),(57,8,3,'buy',83,8.89,'2025-03-07 17:25:55'),(58,8,8,'buy',78,13.16,'2024-08-25 02:07:05'),(59,8,19,'sell',9,121.88,'2024-12-10 04:17:50'),(60,8,18,'buy',42,9.70,'2024-09-08 04:00:44'),(61,9,27,'sell',69,9.39,'2024-06-21 02:42:43'),(62,9,18,'sell',19,11.31,'2024-10-03 19:26:11'),(63,9,2,'sell',2,2.80,'2024-05-07 11:24:44'),(64,9,15,'buy',55,169.86,'2024-12-13 02:33:28'),(65,9,27,'buy',29,10.53,'2025-01-31 00:21:34'),(66,9,13,'buy',94,137.39,'2024-02-05 03:03:42'),(67,9,8,'sell',46,15.33,'2024-07-17 22:33:30'),(68,9,11,'buy',73,12.15,'2024-07-31 08:46:58'),(69,10,16,'buy',79,72.43,'2024-02-14 05:12:59'),(70,10,50,'buy',68,465.36,'2025-03-14 18:45:04'),(71,10,5,'sell',69,101.67,'2024-08-14 14:35:38'),(72,10,24,'buy',35,19.62,'2024-08-29 14:28:27'),(73,10,47,'sell',90,6.52,'2025-01-04 08:58:14'),(74,11,38,'buy',98,11.37,'2025-04-28 03:03:35'),(75,11,34,'sell',58,2.55,'2025-04-09 04:28:42'),(76,11,23,'sell',62,8.72,'2024-12-04 07:39:14'),(77,11,5,'buy',71,89.83,'2025-03-21 07:58:10'),(78,11,49,'buy',65,18.20,'2025-03-11 04:01:06'),(79,12,27,'sell',5,9.26,'2024-12-08 23:36:13'),(80,12,40,'sell',45,77.31,'2025-03-22 09:38:38'),(81,12,23,'sell',64,7.80,'2024-12-18 06:06:00'),(82,12,26,'buy',79,23.03,'2024-12-26 10:37:43'),(83,12,5,'buy',3,128.65,'2024-12-29 13:15:16'),(84,12,22,'buy',82,6.55,'2025-03-06 14:34:17'),(85,12,33,'buy',88,8.37,'2025-01-04 11:35:47'),(86,12,47,'sell',9,5.80,'2025-03-03 04:42:03'),(87,12,44,'sell',31,2.34,'2025-03-05 05:59:30'),(88,13,4,'buy',87,58.65,'2024-11-02 14:35:48'),(89,13,41,'buy',39,10.40,'2025-04-06 06:32:41'),(90,13,23,'buy',71,6.55,'2024-12-26 09:34:19'),(91,13,19,'buy',32,91.48,'2024-08-12 16:02:31'),(92,13,17,'buy',68,56.13,'2024-10-16 16:36:17'),(93,13,25,'buy',8,15.61,'2024-05-10 21:30:48'),(94,13,1,'buy',23,139.34,'2024-09-14 06:03:52'),(95,13,40,'buy',17,62.32,'2025-04-22 08:21:52'),(96,13,45,'sell',82,4.67,'2024-07-14 17:37:28'),(97,13,31,'buy',69,69.50,'2025-03-19 11:51:27'),(98,14,6,'buy',17,369.25,'2025-05-18 22:19:05'),(99,14,18,'buy',42,14.52,'2024-09-16 13:47:18'),(100,14,12,'sell',43,12.85,'2025-04-01 22:32:54'),(101,14,22,'sell',99,5.91,'2024-09-23 00:06:29'),(102,14,7,'buy',94,263.05,'2024-10-15 03:40:00'),(103,14,45,'buy',25,3.46,'2025-02-14 08:48:53'),(104,14,28,'sell',92,209.96,'2024-12-31 04:25:58'),(105,14,22,'sell',6,7.18,'2025-01-15 14:19:42'),(106,14,33,'sell',91,7.02,'2024-12-26 20:49:35'),(107,14,33,'sell',77,8.47,'2024-09-12 23:05:50'),(108,15,30,'sell',41,2.27,'2025-03-13 19:27:14'),(109,15,21,'buy',85,166.52,'2025-03-15 01:51:15'),(110,15,5,'sell',40,130.02,'2025-04-30 08:35:06'),(111,15,21,'buy',97,140.36,'2025-05-20 01:58:33'),(112,15,20,'buy',13,191.68,'2025-05-17 17:12:36'),(113,15,22,'buy',69,7.29,'2025-05-06 20:47:19'),(114,15,21,'buy',47,212.76,'2025-05-14 05:42:25'),(115,15,28,'buy',72,187.16,'2025-05-04 01:21:34'),(116,15,25,'buy',41,10.46,'2025-04-07 08:54:27'),(117,16,16,'sell',2,66.33,'2025-04-12 05:49:05'),(118,16,44,'buy',93,2.81,'2024-12-20 18:16:14'),(119,16,29,'sell',14,3.83,'2025-01-27 23:45:28'),(120,16,3,'buy',2,12.65,'2025-05-10 02:32:51'),(121,16,46,'buy',51,12.75,'2024-09-11 12:12:37'),(122,16,36,'sell',5,163.95,'2025-02-20 02:49:42'),(123,16,48,'buy',24,59.87,'2025-02-14 03:09:02'),(124,16,32,'buy',66,3.95,'2025-05-19 19:31:56'),(125,16,26,'sell',55,19.81,'2024-10-05 18:03:16'),(126,16,8,'sell',59,16.50,'2024-10-13 01:44:44'),(127,17,3,'buy',86,12.30,'2024-10-20 01:40:04'),(128,17,27,'buy',34,8.73,'2024-10-24 19:32:40'),(129,17,18,'buy',57,9.32,'2024-11-18 15:35:33'),(130,17,7,'sell',2,224.49,'2025-02-06 03:15:31'),(131,17,17,'buy',69,44.67,'2024-09-24 14:58:41'),(132,17,5,'buy',93,138.23,'2025-03-03 20:32:38'),(133,17,30,'sell',80,2.92,'2024-12-20 15:01:04'),(134,18,39,'buy',97,3.74,'2025-02-28 20:23:49'),(135,18,23,'buy',52,8.36,'2024-12-10 20:53:26'),(136,18,3,'sell',74,8.68,'2024-10-22 21:51:47'),(137,18,25,'sell',76,12.69,'2024-09-02 20:08:47'),(138,18,22,'buy',36,6.17,'2025-01-12 15:40:24'),(139,18,9,'sell',49,273.98,'2025-05-01 17:19:51'),(140,18,30,'sell',61,2.17,'2024-04-05 20:17:25'),(141,19,9,'buy',84,348.33,'2024-12-09 17:46:22'),(142,19,43,'buy',35,8.01,'2024-10-03 15:15:52'),(143,19,21,'sell',83,145.59,'2024-10-18 11:40:26'),(144,19,24,'buy',47,14.52,'2025-01-03 06:03:18'),(145,19,50,'buy',61,466.39,'2025-02-17 23:24:11'),(146,19,33,'buy',91,9.57,'2024-06-08 12:48:16'),(147,19,50,'sell',74,524.83,'2025-04-08 03:41:20'),(148,19,41,'buy',1,12.22,'2025-04-03 22:45:00'),(149,19,25,'buy',30,10.38,'2024-05-20 10:29:57'),(150,19,17,'sell',16,49.14,'2024-09-18 08:28:19'),(151,20,8,'sell',64,13.88,'2024-12-20 04:54:26'),(152,20,1,'buy',41,124.51,'2025-02-16 00:32:23'),(153,20,33,'sell',69,11.68,'2025-01-29 12:07:21'),(154,20,24,'buy',72,17.54,'2024-09-05 18:41:09'),(155,20,33,'sell',11,8.28,'2024-08-22 22:12:51'),(156,20,28,'buy',19,169.14,'2024-06-27 03:57:25'),(157,20,18,'sell',5,9.19,'2024-05-25 10:31:03'),(158,20,18,'buy',87,11.91,'2024-06-10 09:58:31'),(159,20,35,'sell',85,16.74,'2024-09-09 22:38:04'),(160,20,10,'buy',56,9.18,'2025-03-21 05:57:42'),(161,21,23,'sell',53,6.26,'2024-02-15 16:51:23'),(162,21,13,'sell',5,112.28,'2024-07-08 14:42:37'),(163,21,39,'buy',57,3.00,'2025-04-24 06:19:39'),(164,21,13,'sell',33,145.75,'2025-03-15 07:45:23'),(165,21,19,'buy',82,135.45,'2024-10-13 23:47:40'),(166,22,16,'buy',32,77.63,'2025-02-16 14:13:19'),(167,22,17,'buy',58,32.62,'2025-01-16 18:22:39'),(168,22,49,'sell',47,31.53,'2024-06-20 09:18:21'),(169,22,29,'buy',6,2.15,'2024-10-26 07:40:57'),(170,22,23,'buy',31,7.71,'2024-10-10 05:45:26'),(171,22,44,'buy',5,3.33,'2025-02-09 02:33:20'),(172,22,2,'buy',14,2.07,'2025-04-02 06:50:52'),(173,23,31,'sell',19,79.57,'2024-12-11 11:50:45'),(174,23,8,'buy',1,17.10,'2025-04-20 23:09:41'),(175,23,50,'buy',85,560.34,'2024-12-20 14:14:27'),(176,23,11,'buy',32,12.06,'2025-04-08 01:39:54'),(177,23,45,'sell',57,3.46,'2025-02-25 22:38:11'),(178,23,21,'buy',5,171.52,'2024-12-05 19:43:39'),(179,23,12,'buy',78,13.87,'2025-02-11 23:40:26'),(180,23,15,'buy',5,250.51,'2025-05-08 17:58:48'),(181,23,21,'buy',30,166.85,'2024-11-30 06:40:27'),(182,23,46,'sell',47,9.65,'2025-05-17 02:41:11'),(183,24,34,'buy',61,3.31,'2025-04-03 20:34:46'),(184,24,34,'buy',16,2.36,'2025-03-16 02:13:49'),(185,24,33,'sell',91,7.50,'2025-04-06 23:28:09'),(186,24,6,'sell',77,417.93,'2025-03-14 23:43:50'),(187,24,13,'buy',29,135.74,'2025-01-25 08:51:38'),(188,24,49,'sell',76,26.86,'2025-04-26 08:18:57'),(189,25,22,'buy',70,8.07,'2025-05-16 05:57:00'),(190,25,7,'buy',49,208.16,'2025-05-11 08:59:50'),(191,25,27,'sell',18,11.34,'2025-04-28 13:20:47'),(192,25,12,'sell',35,14.65,'2025-05-10 03:17:26'),(193,25,35,'buy',32,15.78,'2025-04-26 12:40:20'),(194,25,13,'sell',26,142.99,'2025-04-28 05:20:20'),(195,25,22,'buy',91,8.20,'2025-05-19 21:27:13'),(196,25,30,'sell',99,2.85,'2025-05-16 19:02:27'),(197,26,35,'buy',80,16.18,'2025-05-18 19:07:43'),(198,26,31,'buy',100,120.51,'2025-05-18 23:46:02'),(199,26,47,'sell',76,6.21,'2025-05-21 18:33:09'),(200,26,44,'buy',26,2.44,'2025-05-16 10:25:08'),(201,26,44,'buy',67,3.47,'2025-05-17 03:15:42'),(202,27,4,'sell',78,34.92,'2025-05-13 05:36:51'),(203,27,33,'buy',68,11.59,'2025-02-08 22:59:43'),(204,27,49,'sell',90,18.91,'2025-05-10 05:39:42'),(205,27,36,'buy',93,225.67,'2025-02-25 15:28:44'),(206,27,32,'sell',47,5.92,'2025-01-28 21:56:49'),(207,28,29,'sell',75,3.66,'2024-11-26 05:33:58'),(208,28,24,'sell',48,14.97,'2023-10-19 02:07:40'),(209,28,21,'buy',30,197.76,'2025-03-31 15:47:07'),(210,28,37,'buy',50,32.43,'2024-09-04 14:14:17'),(211,28,36,'buy',19,170.37,'2023-12-28 11:42:42'),(212,28,8,'buy',100,16.23,'2025-05-08 22:54:59'),(213,28,16,'sell',26,58.21,'2025-04-14 11:08:58'),(214,28,12,'buy',83,11.08,'2023-09-17 16:40:45'),(215,28,16,'buy',89,50.29,'2024-01-03 13:30:02'),(216,29,20,'buy',23,237.80,'2025-03-19 06:07:34'),(217,29,25,'buy',76,12.33,'2024-01-14 16:32:23'),(218,29,39,'sell',38,2.83,'2025-01-28 05:08:42'),(219,29,48,'buy',59,78.02,'2024-07-18 04:39:15'),(220,29,38,'buy',43,10.48,'2024-07-21 19:09:02'),(221,30,48,'sell',63,76.57,'2024-08-27 16:06:08'),(222,30,33,'sell',48,9.95,'2025-01-20 09:18:20'),(223,30,31,'buy',12,113.31,'2024-10-25 12:56:57'),(224,30,31,'buy',57,106.66,'2024-10-09 07:51:36'),(225,30,31,'sell',27,77.55,'2024-05-14 01:18:39'),(226,30,6,'buy',5,452.46,'2025-04-07 09:48:08'),(227,31,29,'buy',38,2.25,'2025-01-16 12:06:56'),(228,31,11,'buy',38,10.66,'2024-07-21 08:19:35'),(229,31,35,'buy',49,12.05,'2024-08-26 03:27:10'),(230,31,10,'buy',99,10.16,'2024-05-15 04:11:05'),(231,31,19,'sell',12,102.09,'2024-11-08 13:06:57'),(232,31,24,'buy',30,20.42,'2024-07-09 05:03:53'),(233,32,1,'sell',3,109.31,'2025-03-25 07:54:53'),(234,32,12,'sell',23,12.90,'2025-03-11 08:30:23'),(235,32,5,'buy',96,90.55,'2025-04-20 05:19:55'),(236,32,44,'sell',54,2.32,'2025-04-22 11:31:39'),(237,32,39,'buy',95,3.81,'2024-12-28 17:39:33'),(238,33,45,'sell',69,3.49,'2025-01-05 17:20:30'),(239,33,10,'buy',20,13.48,'2025-04-23 00:55:21'),(240,33,49,'buy',66,30.11,'2025-04-05 08:01:39'),(241,33,47,'sell',64,3.60,'2025-01-06 17:08:55'),(242,33,36,'buy',55,166.26,'2024-12-29 05:57:39'),(243,33,35,'buy',83,19.02,'2025-04-29 00:07:34'),(244,33,32,'buy',52,5.36,'2025-02-26 21:45:35'),(245,34,40,'sell',90,55.72,'2025-05-21 18:11:25'),(246,34,29,'sell',23,3.01,'2025-05-19 12:30:49'),(247,34,49,'buy',82,18.23,'2025-05-21 03:23:04'),(248,34,28,'sell',64,126.25,'2025-05-22 02:57:52'),(249,34,29,'sell',2,2.70,'2025-05-17 11:03:38'),(250,34,12,'buy',69,11.64,'2025-05-18 02:51:15'),(251,34,44,'sell',58,2.96,'2025-05-23 04:00:35'),(252,34,6,'buy',43,318.30,'2025-05-18 20:16:33'),(253,34,29,'buy',96,3.61,'2025-05-19 16:34:38'),(254,34,5,'buy',17,91.85,'2025-05-20 15:41:24'),(255,35,14,'buy',43,20.84,'2025-03-18 21:10:12'),(256,35,22,'sell',58,7.15,'2025-03-01 15:02:07'),(257,35,9,'sell',61,268.88,'2024-09-17 06:36:39'),(258,35,3,'sell',21,8.91,'2024-09-16 10:26:56'),(259,35,35,'buy',96,18.68,'2024-08-20 22:55:21'),(260,35,4,'buy',72,54.80,'2024-10-07 16:03:43'),(261,36,4,'sell',13,52.98,'2025-05-22 02:58:25'),(262,36,33,'sell',83,8.61,'2025-04-21 17:55:41'),(263,36,7,'buy',62,246.53,'2025-05-20 14:44:47'),(264,36,44,'buy',84,3.19,'2025-05-20 14:17:31'),(265,36,50,'buy',4,319.72,'2025-05-18 18:33:37'),(266,36,27,'buy',1,11.19,'2025-04-20 19:04:28'),(267,36,40,'sell',38,52.96,'2025-04-26 16:53:48'),(268,37,25,'sell',25,13.70,'2025-05-22 09:28:25'),(269,37,29,'sell',58,2.86,'2025-05-16 08:20:29'),(270,37,14,'buy',66,15.66,'2025-05-10 09:08:35'),(271,37,27,'buy',20,8.48,'2025-04-27 07:07:26'),(272,37,37,'buy',37,23.93,'2025-05-07 15:23:28'),(273,37,43,'buy',1,10.47,'2025-05-10 14:27:31'),(274,37,40,'buy',98,53.60,'2025-05-22 17:09:23'),(275,38,37,'sell',34,32.84,'2024-12-04 15:47:18'),(276,38,2,'buy',68,2.78,'2024-04-20 06:42:29'),(277,38,3,'buy',26,10.29,'2024-09-18 13:14:51'),(278,38,8,'buy',59,11.52,'2024-07-11 05:42:16'),(279,38,48,'buy',43,47.41,'2025-02-17 08:17:33'),(280,38,42,'sell',55,7.19,'2024-06-23 18:51:05'),(281,38,27,'buy',48,10.21,'2024-04-26 12:12:44'),(282,38,31,'buy',60,77.55,'2024-10-22 01:48:58'),(283,38,49,'buy',64,18.63,'2024-05-16 15:58:08'),(284,38,38,'buy',73,6.52,'2024-05-28 23:34:43'),(285,39,14,'buy',65,23.11,'2025-03-11 07:21:55'),(286,39,10,'buy',67,10.99,'2024-05-27 07:57:28'),(287,39,36,'buy',24,229.57,'2024-11-30 15:24:22'),(288,39,3,'sell',12,15.17,'2025-01-15 18:58:09'),(289,39,29,'sell',75,2.99,'2024-08-07 13:52:34'),(290,39,31,'sell',47,69.80,'2024-01-01 18:17:17'),(291,39,40,'sell',51,65.26,'2023-10-26 12:05:02'),(292,39,1,'buy',41,137.69,'2023-10-24 09:07:59'),(293,40,39,'buy',58,3.98,'2024-09-05 18:23:36'),(294,40,4,'buy',92,57.35,'2024-11-03 06:19:47'),(295,40,26,'sell',41,24.45,'2024-08-19 00:25:20'),(296,40,3,'sell',88,13.75,'2024-10-09 06:45:21'),(297,40,48,'buy',24,78.46,'2025-05-08 19:25:52'),(298,40,4,'buy',67,47.14,'2024-10-10 22:38:22'),(299,40,30,'buy',51,2.56,'2025-01-05 15:07:29'),(300,40,19,'sell',87,136.99,'2025-04-30 06:53:05'),(301,40,49,'buy',52,29.45,'2024-09-27 05:13:07'),(302,41,50,'sell',65,349.72,'2024-07-16 07:20:04'),(303,41,39,'buy',33,3.16,'2024-11-20 19:24:54'),(304,41,7,'buy',82,300.26,'2025-03-26 19:24:19'),(305,41,21,'sell',35,158.54,'2023-12-18 05:22:01'),(306,41,29,'buy',27,3.43,'2025-03-13 21:27:29'),(307,41,18,'buy',25,12.81,'2024-11-11 06:39:40'),(308,41,30,'buy',51,2.16,'2024-04-13 17:12:32'),(309,41,37,'sell',92,31.55,'2024-12-24 04:27:46'),(310,41,8,'buy',35,16.34,'2024-11-25 04:25:30'),(311,41,18,'buy',71,14.44,'2023-12-30 03:43:52'),(312,42,28,'sell',13,182.92,'2025-04-07 23:13:49'),(313,42,40,'sell',44,79.67,'2025-05-09 03:34:35'),(314,42,26,'buy',62,27.95,'2025-02-22 04:45:17'),(315,42,19,'sell',86,122.00,'2025-05-18 20:21:40'),(316,42,34,'buy',4,2.53,'2025-03-25 00:18:12'),(317,42,9,'sell',90,265.45,'2025-04-04 04:28:32'),(318,43,14,'sell',65,20.67,'2025-05-11 19:12:54'),(319,43,27,'sell',86,8.74,'2025-05-16 12:12:45'),(320,43,40,'buy',94,74.62,'2025-04-16 23:01:26'),(321,43,48,'buy',21,44.07,'2025-05-02 20:53:16'),(322,43,20,'buy',66,148.52,'2025-05-13 08:38:20'),(323,44,15,'buy',57,177.79,'2025-02-27 16:04:24'),(324,44,30,'buy',92,2.83,'2024-08-25 11:14:18'),(325,44,29,'sell',16,3.00,'2025-03-31 12:51:44'),(326,44,1,'sell',11,103.27,'2025-05-04 16:40:30'),(327,44,31,'buy',95,122.72,'2024-08-20 14:48:09'),(328,44,6,'buy',99,253.99,'2024-08-19 13:34:09'),(329,44,48,'sell',73,49.35,'2024-12-26 20:13:02'),(330,44,17,'buy',18,49.71,'2024-10-31 16:07:36'),(331,45,49,'buy',71,22.43,'2024-08-02 08:40:00'),(332,45,39,'buy',71,4.88,'2024-12-23 14:17:20'),(333,45,32,'buy',73,3.65,'2023-10-06 19:10:42'),(334,45,21,'sell',10,118.02,'2023-09-19 02:48:32'),(335,45,31,'buy',91,108.66,'2025-04-16 06:39:24'),(336,45,49,'buy',7,18.40,'2024-06-24 16:13:25'),(337,46,11,'buy',23,13.28,'2023-10-16 14:45:57'),(338,46,30,'buy',58,3.07,'2023-09-07 00:05:30'),(339,46,14,'buy',78,18.64,'2024-04-06 02:10:15'),(340,46,8,'sell',21,11.33,'2024-11-23 19:41:49'),(341,46,5,'buy',66,117.45,'2023-10-28 04:18:13'),(342,46,40,'buy',74,67.56,'2024-12-30 19:13:22'),(343,47,21,'sell',4,133.91,'2024-04-21 21:51:22'),(344,47,24,'buy',30,14.91,'2024-06-09 00:51:18'),(345,47,8,'buy',85,12.20,'2025-03-31 05:31:33'),(346,47,48,'sell',87,47.58,'2025-05-20 20:58:33'),(347,47,4,'sell',32,57.02,'2024-05-18 16:42:07'),(348,48,3,'buy',58,13.78,'2025-03-25 20:53:11'),(349,48,23,'sell',52,7.40,'2024-10-29 04:36:58'),(350,48,20,'buy',43,159.35,'2025-04-16 19:12:12'),(351,48,6,'buy',30,275.54,'2024-10-19 14:13:14'),(352,48,21,'buy',70,169.58,'2025-05-12 02:35:16'),(353,48,13,'sell',63,161.28,'2025-02-23 00:10:34'),(354,48,16,'buy',84,68.81,'2024-11-19 07:08:11'),(355,48,1,'buy',3,129.95,'2025-02-22 09:48:56'),(356,49,34,'buy',84,2.09,'2024-12-10 12:56:21'),(357,49,34,'buy',80,3.36,'2024-04-23 18:17:27'),(358,49,46,'sell',41,12.50,'2024-11-15 12:14:22'),(359,49,11,'sell',71,10.35,'2024-01-22 06:27:31'),(360,49,32,'buy',71,3.67,'2024-03-02 00:47:18'),(361,49,37,'buy',84,26.45,'2024-01-30 22:37:22'),(362,49,49,'sell',54,27.12,'2023-08-28 23:27:54'),(363,49,9,'sell',11,353.91,'2024-06-01 09:40:09'),(364,49,44,'sell',50,2.07,'2024-04-04 03:10:28'),(365,50,10,'sell',75,15.20,'2025-02-28 09:58:44'),(366,50,38,'sell',25,11.18,'2025-02-15 22:27:28'),(367,50,19,'buy',38,106.93,'2024-11-12 15:10:37'),(368,50,50,'sell',36,367.62,'2025-02-12 04:39:09'),(369,50,5,'sell',67,127.49,'2024-12-30 03:48:12'),(370,50,5,'buy',12,111.76,'2025-04-05 07:49:50'),(371,50,11,'buy',49,8.45,'2024-11-29 23:26:08'),(372,50,24,'buy',87,15.48,'2025-04-22 10:59:38'),(373,50,13,'buy',97,146.94,'2024-11-22 11:53:48'),(374,5,51,'buy',20,11.70,'2025-05-23 16:16:59'),(375,5,51,'buy',20,11.70,'2025-05-23 16:16:59'),(376,5,51,'buy',20,11.70,'2025-05-23 16:16:59'),(377,5,51,'buy',20,11.70,'2025-05-23 16:16:59'),(378,5,51,'buy',20,11.70,'2025-05-23 16:17:00'),(380,5,51,'buy',20,11.70,'2025-05-23 16:17:00'),(381,5,51,'buy',20,11.70,'2025-05-23 16:17:00'),(382,5,51,'buy',20,11.70,'2025-05-23 16:17:00'),(384,1,2,'buy',10,150.50,'2025-05-23 16:23:42'),(385,2,2,'buy',5,150.50,'2025-05-25 14:15:52'),(386,5,14,'buy',4,20.67,'2025-05-25 22:46:48');
/*!40000 ALTER TABLE `transactions` ENABLE KEYS */;
UNLOCK TABLES;

--
-- Table structure for table `users`
--

DROP TABLE IF EXISTS `users`;
/*!40101 SET @saved_cs_client     = @@character_set_client */;
/*!50503 SET character_set_client = utf8mb4 */;
CREATE TABLE `users` (
  `user_id` int NOT NULL AUTO_INCREMENT,
  `fullname` varchar(255) NOT NULL,
  `username` varchar(100) NOT NULL,
  `email` varchar(255) NOT NULL,
  `password_hash` varchar(255) NOT NULL,
  `dob` date NOT NULL,
  `created_at` timestamp NULL DEFAULT CURRENT_TIMESTAMP,
  PRIMARY KEY (`user_id`),
  UNIQUE KEY `username` (`username`),
  UNIQUE KEY `email` (`email`)
) ENGINE=InnoDB AUTO_INCREMENT=60 DEFAULT CHARSET=utf8mb4 COLLATE=utf8mb4_0900_ai_ci;
/*!40101 SET character_set_client = @saved_cs_client */;

--
-- Dumping data for table `users`
--

LOCK TABLES `users` WRITE;
/*!40000 ALTER TABLE `users` DISABLE KEYS */;
INSERT INTO `users` VALUES (1,'Ryan Olson','eadaoinrails','ryan.olson@hotmail.com','scrypt:32768:8:1$UWKAsD34TycDnv9o$ff48fd1e2cdee44510ba3f2bdeae49e7428b718db1a3363f4ceed501425c3b4807dd6178c66fabf21d38ca8c66ab2755f4a4ac4ff3db1f0cc5fff29338c9f1c4','2006-08-22','2024-04-29 04:53:11'),(2,'Nicola Ashe','kelvinlyden','nicola.ashe@hotmail.com','scrypt:32768:8:1$dON32T5OV4my0PCb$33e8ca6db475876614a8d637025732970eda81668a2e64de6f039697bf3a47976d84b497f013170161cee8f89b2c2146fd1c7b782c58387db35128de549a3edc','1979-11-08','2023-09-16 23:09:12'),(3,'Zoe Nealon','amymulloy','zoe.nealon@example.com','scrypt:32768:8:1$AvvB9GXaJtNyXiHC$0c6edce95658e1be763d2022e43454cf0bdf16b741cf54d59a24978e8d90fe2bc8aa089b70ade3b28d4923fc6acc1b1939b39b5cb76c1bf0eeb91a1fb33e5194','1970-11-25','2023-12-13 01:57:13'),(4,'Richard McKillop','jillgay','richard.mckillop@outlook.com','scrypt:32768:8:1$F9rwRVE2AFFE0th3$a317134f2a80cb2d0676dc5ace10b1faed50cc3521267b09865012a8a0e1a8a71268aff1a6f65f031917cf0022ca893ac279278b49b3d67033967b0a549377da','1978-03-08','2023-09-18 18:58:04'),(5,'Leona Bass','stephenkim','leona.bass@yahoo.com','scrypt:32768:8:1$5sjniOckByEgNtc1$021ff37a416677885dcde160d993698079c0f0075689a5ef7410fab7d27d8f7036b120a99fb64f7b9807af5a3dd695b361da4c66e6bb947510144024815852a8','1971-03-02','2024-01-03 11:24:42'),(6,'Calvin Johnston','jack72','calvin.johnston@outlook.com','scrypt:32768:8:1$4EfsR7lMkv3qJWjg$58d03bbcca66ae1f78325bedacd834d8d3a912efa7275d3164442cd1efb91efb78e533369b25e62623a430a5a8cc1032820834807b7911f561cf51a4fedd55e5','1972-06-25','2024-03-01 17:46:42'),(7,'Margaret Bailey','zgolden','margaret.bailey@yahoo.com','scrypt:32768:8:1$NiGwWp4OsF9yIcLI$1705447a64591ff20d88600eaf3c1aa6d5302bc6207d0e042c1ec493db219f3350b5c42457525cd9efa8ef755beb105c2d9ee4083a89ed5b03be5f8fb5044718','1984-10-16','2024-08-21 19:13:46'),(8,'Christopher Peters','kwalker','christopher.peters@gmail.com','scrypt:32768:8:1$jg70tttbdlYGfE0K$c50029c2e0607f07a69e9a2c596308fb059df418424648fc9e4724e549fe29b03e41f30cdb64be86e21e036e730d8518a67d9407516358f856a74b6a781cfd79','1983-01-31','2024-08-08 02:03:25'),(9,'Jennifer Brown','katrina38','jennifer.brown@yahoo.com','scrypt:32768:8:1$ALO3iyBykS5FtW0B$594b1ead1847949e2c4bb9a8478db54fb437a894a6e88f8e41c57c2849d2e622d722685a5f5a0f60b45ac1cbdd6a638310fe4908df058aaf5a0d15a7dea7a9d1','1993-09-18','2023-07-09 01:20:39'),(10,'Dara Jones','landersen','dara.jones@example.com','scrypt:32768:8:1$HMF6jkwm8H4pGxVw$e3779ceb7f19a0c4ca6469985a61b9c8a314b5f4d6c18db5aed7797767405eeb5e0bd1bf61f4eb24c225ce48aa674f4c8d49d499c418b174583ae0c6d808622f','1957-10-05','2023-10-07 23:59:28'),(11,'Meabh Evans','caleb69','meabh.evans@example.com','scrypt:32768:8:1$AMgCtX0Gt34Ow0La$ee6eecb1d7ae0a8bd75eff8f36137d3570264d7330835cf6decb10e1cce3f45438ac4a621f29108439513fe8bfe64f3f1781618e36245a04df6eef9b1962336a','1983-02-25','2024-09-30 21:19:09'),(12,'Amanda McBride','ijenkins','amanda.mcbride@hotmail.com','scrypt:32768:8:1$AEdjGo8H1eLmr2t9$d31650e0745081f6b77a56ee013dd273b7a4a3f6a7e115dc880e8f78ecb3e3345d18f49dd53982dc89c169b54d8163c4fa65e8b639ee521d454ffdfddf252c22','1977-06-04','2024-12-08 10:24:47'),(13,'Antoinette Garrett','hackettfeargal','antoinette.garrett@outlook.com','scrypt:32768:8:1$U9wYjnLs1nxnPDUK$f03a61604eb033fe5e1593d33bdcaab3567ca1376f2bbb58f8e482a06b8d57c16a1e0785318690853421ca67601b912656a131b8df81fc9d31f6e97ef15a444a','1966-10-31','2024-04-15 07:13:15'),(14,'Jolene Clerkin','dwhitehead','jolene.clerkin@gmail.com','scrypt:32768:8:1$hyTPrPL1rOi4mKpR$462f232019dd7c24c12b3949b8b9fe4771aba21391e4e4f40c2c2b7d7aecae9caf808de019a2230883074ffff1c50be9b113a6634534ce94c9db0a3d6110cb52','1977-02-28','2024-08-12 22:48:50'),(15,'Cynthia Rowe','darrenthomson','cynthia.rowe@outlook.com','scrypt:32768:8:1$uBDEl4KVwxPVWH9A$a2e5a205aab75cd9636a73d7433f95f49b4bfc3d769d3fc1617d03cd49a6ab3c850b17e47c4f164c3189983c42696a6ca814867000eb6ca4ca909c1ca6140036','1999-01-20','2025-02-22 21:52:19'),(16,'Alexandra King','raffertykira','alexandra.king@hotmail.com','scrypt:32768:8:1$Ezua06sEIiOU5tt1$34ca21b9ac05c3404ec46f15d2854b8baa7ee8357df704c4bbb780682da3fa0246a24e0cfe1b5c69a8d5c631b71eb474d3b575b85e5131236e324ebb7119d0d8','1957-09-07','2024-09-08 10:59:52'),(17,'Roseanna Fowler','mcelwainecora','roseanna.fowler@hotmail.com','scrypt:32768:8:1$wStcMwBXJpV3RVaZ$0caa552adb96a8abce999fe5e60c6f390d4c4007a1b7a183215b7a889b80a08ccaef5f98c11571cf507744b8fbdea26cbbdf813bf2c55a334f131ef465f6bd68','1989-06-23','2024-06-06 21:01:51'),(18,'Cheryl Kramer','summervilleshelby','cheryl.kramer@gmail.com','scrypt:32768:8:1$nwfYOSKlMidKkZvE$655f0538a35ec24f0bdf29a9431e71d790b479fd33900ba797ede13855cab07669fe1d581acef86a117fabab28a90edd51abfb0696c67f829c9b2805634090e9','1977-08-23','2024-01-31 15:21:34'),(19,'Billy Bartlett','rowleyglen','billy.bartlett@yahoo.com','scrypt:32768:8:1$szZHSbuGnxBHb2j2$67ffe7106fe453ab67b175c58fd7e7c0fdf11396b6336bceff3a9473eeb001e2815780f12d1752af06e0a6b2cfe463bd735d5f8a05256e64fdb196ad28a3aa40','1955-12-20','2024-05-14 01:24:22'),(20,'Kirsty Hughes','anna27','kirsty.hughes@gmail.com','scrypt:32768:8:1$m5xDUxRmnX2JgjFH$b4ea0733cc2e0170611c68f26309426e5a92a55b0d03360b26bbd470e8caca3e093a9ef392218761fb72ab5e09c9a85846f622eab8028fe5993dc423d54332aa','1958-05-13','2024-04-13 23:34:48'),(21,'Fred Brophy','cmacevoy','fred.brophy@example.com','scrypt:32768:8:1$zxBgcxE3O6Im0sMB$3aeb553abe8e4bc47b23b82aad7c574f3317ffa96b42c5f3d5c854ec663fb4bbd4b67313fad5834c3b9e63925221d543e7aab098ce4f5da1ef7969dd22406513','2007-05-20','2024-02-03 05:41:53'),(22,'Anne Deeney','todd67','anne.deeney@gmail.com','scrypt:32768:8:1$fNmOF4TcqXMkQxtX$d003d70feb3936e0c31259f938e7d06e26a338ba696e29063a9433bc28e89aa2c2fec6ccaeb0e7b594b372e9f93d900ad2eeee74b28fdc33df7f528ac0baf94e','1991-10-20','2024-06-06 03:37:41'),(23,'Susan Osborne','smitheileen','susan.osborne@outlook.com','scrypt:32768:8:1$LvDQYCOV6NwY6ZI2$dce545b859ae3bbaddc2e19030b9b306d051453dc8875fd5e7d4e00e355a041de9fb36c35fb3b33984aadbac5eff0e3894eaa13acc9088695ccd5d04a099c660','2000-12-20','2024-11-18 16:39:10'),(24,'Justin McLeod','butlerjulian','justin.mcleod@outlook.com','scrypt:32768:8:1$TpSSGUGCCNsiyavS$21bd6a66ac3aa4987b51db14831ba184b591a69cfc34c9d4e4b8a22a806406c3be3abfa20809bbdf0910ba888d2bc1d07fa80d5074744ca80b75513ea9ceff6d','1973-04-11','2024-11-17 16:06:01'),(25,'Katherine Chan','victoria92','katherine.chan@example.com','scrypt:32768:8:1$XS4xqtGdMXEbGZIY$30ef70bd1d56365a3fe6fc902cbf57cb6232ee230afd52b0c4ca5767525ac3d2f3e7291de9cb96cdb3a4eb9e191ff36e868f1c5fb08c7e4b1889e3df4894696f','2004-06-27','2025-04-19 01:55:42'),(26,'Niamh Caddow','tpierce','niamh.caddow@gmail.com','scrypt:32768:8:1$aIUkiFvQq6KHnLWy$d1ab9545dd6de49f9284d7af24c90ffec0e022f51f03d57b9643d738570b78ebbfbae3212b1e4701e73262aa34f341a05f7a208308be377b6b02eff5f3d6e8fa','1962-04-14','2025-05-14 09:12:56'),(27,'Marian Ansboro','russell42','marian.ansboro@yahoo.com','scrypt:32768:8:1$tQB2DxyJNPNaUF9u$ce519eac324899fe3cd449a91b68ee7f4dfa874f2b2c88d92fbbf87f427b5a2f72b8e110e8cfc99f5cca187d86a68719b29ddcb4d8e18ee97b30207f3d6bdb7b','1971-02-25','2025-01-20 14:37:39'),(28,'Gail Kieran','adam86','gail.kieran@gmail.com','scrypt:32768:8:1$ASR1NS5cSoBLP5it$af5f0e0b07f2e560d1a2e790f59b311d058fc0d379da54e3a37c9fcb67b826e37f9cf0d7118f274590c89bd03c0b1403514d56a37d4f8bde73345461435943fe','1961-07-29','2023-08-19 15:55:36'),(29,'Dominic Graham','ursulaashman','dominic.graham@example.com','scrypt:32768:8:1$DseE0T0fTnXA0d43$9379425068a45e1581fb50b155b5d8eeac18c2210956738ebe29bd2cb134ab9b956055035c28754727f7353708de438092762c5dbc96679dcaec1ed1294d476d','1994-07-21','2023-09-17 16:53:28'),(30,'Colleen Morgan','brandon22','colleen.morgan@yahoo.com','scrypt:32768:8:1$oNB8TzOgFkSaPoog$3180819dc57aad41df4a75ac1764dc6508559e376052684e21abc1bfb7c2df29f6cc008f26dad8a4ccf8bc2326071af4f91c6159c515534110a0badcc7a9e07a','1991-02-22','2024-02-27 02:30:14'),(31,'Carole Barrett','driscollkyle','carole.barrett@hotmail.com','scrypt:32768:8:1$jey4S4hIMaK33BhE$06eb6158ef172c5f1a744113b87381590f56c8a275bb6b010050a8595528e2e68bf382af50b8622c8580a02f747ecddf66c8a5f0f637b9748769fee43e96aced','1986-07-12','2024-01-13 09:51:08'),(32,'Olivia Reed','clincoln','olivia.reed@example.com','scrypt:32768:8:1$qpusmHJIgC28utKf$1f5f952506b4b6fddc05f93298a93a66ff13251b64ee7143fa2119b99700168fb96c65a859200b6167bbf038a64e9e7e5357b002f497e6c82f0e8fc8e6cc0d43','1989-06-02','2024-09-08 02:39:16'),(33,'Bryan Hawkins','jhenebry','bryan.hawkins@yahoo.com','scrypt:32768:8:1$LqKbb4LIOmoMqeXD$0388779245cf38cddb8def15e02c3ca1df7cf123cb4da029739e37a61a8cb9ee209180dc8be02921c4414d43bf14cab90ebd6f0128cfc50c36f7565c8d965cf9','1973-10-10','2024-12-23 04:14:46'),(34,'Linda Drum','sharpeowen','linda.drum@yahoo.com','scrypt:32768:8:1$fqtpY6H3XHD2AfDm$af330c121cb6e6f80a5421bf66b4d15907b9a57dd532e6e4235332c7e464604ce32ada5b64175cdf95e3c3120b9078a10741d3aa2eeb4e5152159f5f99ad5a25','1982-08-03','2025-05-17 07:18:51'),(35,'Dearbhaile Heggarty','emily43','dearbhaile.heggarty@yahoo.com','scrypt:32768:8:1$XyWveR8cxekdO0Aw$920ce3a800bde39d20fff3522466f8f2628e2f95f45481f9228d3d02c99604edaa99247c225f0ea1cfa18620faf517c95cb2911d25b5eaae7156d293830705c2','2002-03-24','2024-07-30 13:16:31'),(36,'Tracy Green','grahamkathleen','tracy.green@outlook.com','scrypt:32768:8:1$VkcvSDo3QWQmwlo5$e99696bc3d0f564a0829b48d3168e3e52385bec458fc9868c776028addef9ef16aa96fe54a86e06510f72cd62bb261296ffd72d900d2c21ef594bad81af78627','2005-08-21','2025-04-18 10:23:28'),(37,'Karley Marsh','fwilkerson','karley.marsh@example.com','scrypt:32768:8:1$2vcrBhmS742SL0Gj$16ff65aa58310f2d8750b7d354150d275a793774a875fef4e7707f32e3f7b2e38e00e90952abe53836bfd427307be3d20a298e27840073fafa92942a142ab67c','1957-09-21','2025-04-18 05:42:50'),(38,'Lee Mendez','mckayjeff','lee.mendez@outlook.com','scrypt:32768:8:1$G3Pr2dKDBaNnGQKg$0bd285000a34e3b0206883c658db2a96fac4ee5749f48607c5935a2a2b7d4505889f5731d3f3d9d7b97b457ab00458dac4ce4dc018357cb917995d8028985db4','2000-05-01','2024-02-25 11:26:40'),(39,'Mario Lee','wwilliams','mario.lee@hotmail.com','scrypt:32768:8:1$khymmvFrbmsmJOpP$e9640ed183423ca1d59d3d21a2c50196d3aa3e4e8b36fe6d13f5f009152906fc640475166b06207b9f7520f186d8c420ecf37a05c3349ddea33a1e3c0f8d75b6','1986-04-08','2023-09-10 08:51:02'),(40,'Vanessa May','oliviaspencer','vanessa.may@yahoo.com','scrypt:32768:8:1$SdTTySDvSzKZR0j4$40b37df2a0fe60eb6c427455734c922cce2922f4cc56a9b7ce73e05b856ac22fe13fe9180d19d2c5b0429df90318e498599d5b2f88a20aed49941f92b2d4230f','1961-12-12','2024-08-13 07:03:20'),(41,'Sylvia Martin','jacob83','sylvia.martin@hotmail.com','scrypt:32768:8:1$7icTImJEIJjhbN1d$62a05d889bb52b2154acca9eb5c769400c2ba200ccefea1d25afea2300a940dc2f78ee36141ba0055b32c545cdf7a66897746b1ed4e5fa48f0c3aef2b9d57d12','1972-08-28','2023-11-26 15:32:07'),(42,'Alisha Wang','acostajose','alisha.wang@example.com','scrypt:32768:8:1$ID1JTlhls9nsh0Tk$b6391e7a7b77fc43308cea2b95454e226aed1828416e68e515b3b115b573931e8d4016923203ee8144cbc0673a96da13332f6effa04aaee04904a5c19f0f6b5c','2002-05-28','2024-11-07 18:01:54'),(43,'Dale Coleman','acostamason','dale.coleman@yahoo.com','scrypt:32768:8:1$DmoDKubimEAdVHBp$5ac61022947be42f2af1d51952c0c64788e34c4f5c9fb612237e1928f89fc1eb3c8667572b9a04ad1c8eb9d783fdcdfc147ed3e0bb66c5fced25ec41d55f6ed1','1983-10-12','2025-04-10 14:40:45'),(44,'Karen Frost','dhardy','karen.frost@hotmail.com','scrypt:32768:8:1$kpVz2RmgD8emDea1$6a8640e6ea2bb8035b601ad11c654280e3962736d9391508af87d2648008273306d4b415feaa31ebf9582de96c38dfaf68db7eebc588ff612794e3da0d8a33f1','1986-09-11','2024-08-06 14:59:33'),(45,'Eric Phillips','kathleenpearson','eric.phillips@example.com','scrypt:32768:8:1$OAAwvUlWVy2pqPV7$aab39b84c00b351f8cef4c979a1bd1199e1ca820f6879d62a7fb7ac3ecfc492f41b2ddd55487539965fdd31308baf5088743bdcd5c4a41be6f9836ef893ff948','2006-12-09','2023-07-28 09:23:38'),(46,'Arthur Cochran','sealyantoinette','arthur.cochran@yahoo.com','scrypt:32768:8:1$nOFuPW4sQEQt1Exi$b69bba29794ee13d75f06457384db4675e4e5a73531dfe6001ef31ac6d8911873c28bdc6f6cca2060adc86a8c889cde071069e59317b248fe4657f4061ebe3ac','1985-09-28','2023-05-31 14:17:45'),(47,'Tara Pennington','rosemulgrew','tara.pennington@hotmail.com','scrypt:32768:8:1$0dlmGEeuon8f0SwC$cf8de81b40dbedff39975bd016ab18bf1b1cf511ce690eef762cbecace356481095ab0e01319020aad357571b5035df67009892e79a448cd199ac8f9a2de1419','1993-03-21','2023-12-22 13:35:57'),(48,'Rita Calhoun','marion18','rita.calhoun@example.com','scrypt:32768:8:1$h9dyoRM5duguXEtH$50e016f10766dd636552f90de686413cb4f7aed09bdc822fa7af1799bb38f6af3830ef78d5489358a8df2cb81f70a616c535134f95cf9148dbf9c6b7356d1527','1985-03-10','2024-08-29 23:43:17'),(49,'Leah Hancock','omarmchugh','leah.hancock@example.com','scrypt:32768:8:1$aSqRRX85xO5mUF7B$a7e1322de180ae9fb3ce2d6532c16131554e30321fe6bdf45f444b450b487a2b7bb11e825c8b18c344ac01113fb36bd4ea3c35e3964af1568f9b618f77afd2b8','1991-06-22','2023-07-13 16:22:57'),(50,'Garrett Hickman','macdermottaileen','garrett.hickman@outlook.com','scrypt:32768:8:1$CBcgMa09cqin1Mz2$e6eefd341f36f16d528ae797f185e57b3c76896c342ad20e8bd39637a3a592e242f2e329131cb6d921b0a9657980d53e0005337416691980bc4ab1ca09d34cb1','1957-09-09','2024-10-24 22:25:42'),(51,'John Owen','jowen','jowen@hotmail.com','scrypt:32768:8:1$EEw1vEcEytJeAxic$9fef5e58e2a2e6a4a87b753cf5df7d6f1fe708f9ba9a3c56f426b4c99c8718b00aa55f9cd3173d9aebfddbfa14ff96af350d76a9fb62339dd12958e0b879f361','2002-06-22','2025-05-23 05:50:03'),(52,'Adamma Olaedo','Adola','adola@yahoo.com','scrypt:32768:8:1$tA444tTW9gCfISeh$4db5e915e54bffd420c533d9a634a7cbccb7aef8c902865756fc360f7df7083cb4303d9d806d7de0d2a4d62cdeffc7243629e1bc9038bd225d205f0dba83cd44','1984-07-05','2025-05-24 07:29:22'),(53,'Ada Igwe','Aigwe','ada@yahoo.com','scrypt:32768:8:1$KH7dO61TaV03BoKB$191a33e2d219f02269ab0616c1171045ae739bb700eeeb2ce6764551c7167fd2e596de6e50a21590d1547a945dcd8dcb692223dd0a3bf9d5f7c833d755b98923','1986-05-02','2025-05-24 23:36:39'),(54,'Obi Igbo','Obigbo','obigbo@hotmail.com','scrypt:32768:8:1$5PyIkpzoUEXqtDKS$93214e9c72375aa58332ec98829d314c4081cf47b2844c9053e6f7642caa6a96f6d7ba8a2c393d705504048ad7daa583f0914ef05afc1d17d59f5ce4d633d5fe','1986-01-02','2025-05-24 23:45:29'),(57,'Emeka Mba','Emba','emba@gmail.com','scrypt:32768:8:1$nzRq31rR1JirhnKv$1109660b88fb51eee8cbfa89b5117ed037aeb0588872d045802a870daf9d924777305f298f09be4befbae252587e0ff19e3530b7e5fd4e2a6a6178efe0994e59','1983-09-05','2025-05-25 22:31:39'),(59,'Mba Mbaonu','Mba','mba@gmail.com','scrypt:32768:8:1$KMFZIQlyOHGjpjvn$4f7f3d801f5ae6afa79078a63b851d910f4f08f2de08a6a2161552e46039402333db670fea44309fc603767818a023f2db1d007cbed2a7f9537781b1707bfcdc','1974-12-05','2025-05-25 22:34:58');
/*!40000 ALTER TABLE `users` ENABLE KEYS */;
UNLOCK TABLES;
/*!40103 SET TIME_ZONE=@OLD_TIME_ZONE */;

/*!40101 SET SQL_MODE=@OLD_SQL_MODE */;
/*!40014 SET FOREIGN_KEY_CHECKS=@OLD_FOREIGN_KEY_CHECKS */;
/*!40014 SET UNIQUE_CHECKS=@OLD_UNIQUE_CHECKS */;
/*!40101 SET CHARACTER_SET_CLIENT=@OLD_CHARACTER_SET_CLIENT */;
/*!40101 SET CHARACTER_SET_RESULTS=@OLD_CHARACTER_SET_RESULTS */;
/*!40101 SET COLLATION_CONNECTION=@OLD_COLLATION_CONNECTION */;
/*!40111 SET SQL_NOTES=@OLD_SQL_NOTES */;

-- Dump completed on 2025-05-26  1:45:00
